Terence,Washington,Y
Jerry,Mclaughlin,Y
Blanca,Caldwell,Y
Beverly,Myers,Y
Maxine,Stewart,Y
Marlon,Morton,Y
Leslie,Fields,Y
Debra,Nash,Y
Chris,Gibbs,Y
Adrienne,Moore,Y
Miguel,Welch,Y
Blanche,Flowers,Y
Roberto,Wood,Y
Lucy,Patterson,Y
Geraldine,Harrington,Y
Alonzo,Klein,Y
Susan,James,Y
Lela,Collins,Y
Greg,Townsend,Y
Daniel,Cain,Y
Wilbert,Newton,Y
Randy,Webb,Y
Andrea,Garrett,Y
Ed,Morrison,Y
Lee,Wolfe,Y
Stacey,Banks,Y
Georgia,Munoz,Y
Bernadette,Frank,Y
Jared,Turner,Y
Marjorie,Stevenson,Y
John,Porter,Y
Gilberto,Hudson,Y
Laverne,Jenkins,Y
Ignacio,Sullivan,Y
Jane,Brewer,Y
Jean,Norris,Y
Delbert,Simmons,Y
Meredith,Stone,Y
Toby,George,Y
Douglas,Hawkins,Y
Pat,Webster,Y
Belinda,Guerrero,Y
Sandy,Boyd,Y
Nathan,Gill,Y
Pat,Hughes,Y
Ismael,Bridges,Y
Nadine,Gregory,Y
Camille,Mcguire,Y
Margarita,Buchanan,Y
Lydia,Lynch,Y
Randal,Spencer,Y
Eduardo,Johnson,Y
Salvador,Watts,Y
Irving,Anderson,Y
Sherry,Dixon,Y
Jerome,Bryan,Y
Glenn,Reyes,Y
Diane,Zimmerman,Y
Lisa,Bowers,Y
Wallace,Sharp,Y
Craig,Alvarado,Y
Travis,Nelson,Y
Sherri,Byrd,Y
Percy,Hines,Y
Alton,Mcdaniel,Y
Jonathon,Smith,Y
Kristopher,Torres,Y
Lola,Holland,Y
Janet,Fowler,Y
Blake,Barber,Y
Elsie,Stokes,Y
Darrin,Ortega,Y
Gerald,Becker,Y
Rachel,Williams,Y
Gustavo,Walton,Y
Phyllis,Wong,Y
Clinton,Simon,Y
Wanda,Floyd,Y
Cindy,Poole,Y
Veronica,Delgado,Y
Raquel,Armstrong,Y
Timmy,Mills,Y
Jose,Arnold,Y
Cornelius,Hunter,Y
Audrey,Fuller,Y
Whitney,Graham,Y
Deanna,Newman,Y
Edith,Green,Y
Lucia,Burton,Y
Melinda,Mathis,Y
Shelly,Oliver,Y
Winston,Dunn,Y
Silvia,Estrada,Y
Cary,Saunders,Y
Sharon,Bush,Y
Jodi,Hunt,Y
Claire,Potter,Y
Hugo,Daniels,Y
Sophie,Weber,Y
Micheal,Hayes,Y
Ricardo,Sandoval,Y
Jonathon,Turner,Y
Simon,Gutierrez,Y
Darryl,Vargas,Y
Cesar,Benson,Y
Lori,Howard,Y
Garry,Porter,Y
Rodney,Newman,Y
Willie,Ramos,Y
Kristi,Estrada,Y
Ted,Joseph,Y
Jimmy,Pope,Y
Myron,Green,Y
Anna,Reeves,Y
Angelica,West,Y
Trevor,Griffin,Y
Marta,Lindsey,Y
Lorene,Hill,Y
Susie,Bryant,Y
Pete,Moody,Y
Chris,Griffith,Y
Ben,George,Y
Tyrone,Reid,Y
Julian,Guerrero,Y
Richard,Martinez,Y
Rudolph,Ball,Y
Hattie,Robertson,Y
Archie,Stone,Y
Maria,Schmidt,Y
Marion,Ramirez,Y
Kristine,Thomas,Y
Danielle,Holland,Y
Shelly,Mann,Y
Nelson,Obrien,Y
Marty,Chapman,Y
Vicky,Peterson,Y
Laura,Hernandez,Y
Ida,Mcdonald,Y
Constance,Fox,Y
Linda,Patrick,Y
Andy,Bass,Y
Lee,Ballard,Y
Eduardo,Boyd,Y
Theodore,Tran,Y
Jose,Campbell,Y
Pat,Powers,Y
Rebecca,Sullivan,Y
Leslie,Hampton,Y
Kelley,Hopkins,Y
Pedro,Pena,Y
Clifton,Morris,Y
Jerry,Payne,Y
Ronald,Osborne,Y
Robin,Dawson,Y
Ernestine,Logan,Y
Mitchell,Gregory,Y
Kelvin,Lawson,Y
Jean,Meyer,Y
Debbie,Jimenez,Y
Kim,Jenkins,Y
Lila,Hall,Y
Nellie,Dunn,Y
Stacey,Snyder,Y
Frank,Washington,Y
Otis,Hogan,Y
Teresa,Nguyen,Y
Alton,Houston,Y
Patricia,Craig,Y
Stella,Mullins,Y
Gertrude,Knight,Y
Lois,Cobb,Y
Ian,Mckinney,Y
Martha,Austin,Y
Freddie,Cross,Y
Beth,Lee,Y
Jana,Brock,Y
Billy,Willis,Y
Marc,Lynch,Y
Mandy,Wells,Y
Winston,Lowe,Y
Myrtle,Kelly,Y
Yvette,Armstrong,Y
Clinton,Lamb,Y
Salvatore,Vasquez,Y
Guadalupe,Ortega,Y
Carroll,Garcia,Y
Carlton,Warren,Y
Jennifer,Oliver,Y
Traci,Norman,Y
Judith,Miller,Y
Amber,Paul,Y
Lisa,Bishop,Y
Willard,Simpson,Y
Judy,White,Y
Tiffany,Ryan,Y
Troy,Schultz,Y
Conrad,Shelton,Y
Marshall,Andrews,Y
Ervin,Richards,Y
Arlene,Baker,Y
Wallace,Franklin,Y
Johnny,Henry,Y
Lindsay,Lewis,Y
Phil,Stanley,Y
Jo,West,Y
Timmy,Quinn,Y
Lynne,Hamilton,Y
Rudy,Hogan,Y
Philip,Duncan,Y
Jackie,May,Y
Rosie,Watson,Y
Susan,Shaw,Y
Clarence,Sullivan,Y
Casey,Yates,Y
Ashley,Hayes,Y
Gretchen,Moss,Y
Paula,Perez,Y
Virginia,Grant,Y
Christopher,Parks,Y
Karen,Graves,Y
Kendra,Nunez,Y
Reginald,Lucas,Y
Wilfred,French,Y
Clint,Stevens,Y
Jeremiah,Mccarthy,Y
Irvin,Perkins,Y
Doreen,Mcdaniel,Y
Ralph,Turner,Y
Brian,Gray,Y
Lindsey,Ruiz,Y
Jane,Beck,Y
Gary,Sandoval,Y
Muriel,George,Y
Cary,Mathis,Y
Beatrice,Chambers,Y
Jordan,Berry,Y
Jody,Briggs,Y
Stephen,Hall,Y
Ramona,Ellis,Y
Julian,Fields,Y
Henrietta,Salazar,Y
Bridget,Oliver,Y
Herbert,Ray,Y
Kristin,Cook,Y
Tammy,Frazier,Y
Caroline,Porter,Y
Jim,Martin,Y
Penny,Matthews,Y
Rogelio,Moody,Y
Tamara,Potter,Y
Lucia,Parsons,Y
Leonard,Kim,Y
Anna,Knight,Y
Cindy,Hunter,Y
Glenn,Wise,Y
Carmen,Paul,Y
Lula,Warren,Y
Janie,Hansen,Y
Louis,Barrett,Y
Emily,Lee,Y
Frederick,Welch,Y
Carroll,Lopez,Y
Gregory,Collins,Y
Marc,Richards,Y
Amelia,Sharp,Y
Bradford,Perry,Y
Willard,Abbott,Y
Paul,Christensen,Y
Jenny,Lloyd,Y
Sandy,Colon,Y
Morris,Garcia,Y
Lucy,Bowman,Y
Clyde,Mann,Y
Brandon,Norton,Y
Eric,Andrews,Y
Audrey,Wilson,Y
Ernest,Mills,Y
Cristina,Barker,Y
Elmer,Jenkins,Y
Elbert,Schultz,Y
Doris,Silva,Y
Ted,Alvarado,Y
Geraldine,Barnett,Y
Felicia,Jefferson,Y
Danielle,Schwartz,Y
Gloria,Daniels,Y
Rafael,Huff,Y
Brittany,Gregory,Y
Doyle,Nelson,Y
Sheldon,Mitchell,Y
Mitchell,Copeland,Y
Edwin,Powers,Y
Micheal,Webb,Y
Billy,Powell,Y
Sheila,Norris,Y
Dwight,Watts,Y
Hope,Bush,Y
Marilyn,Bennett,Y
Olive,Patterson,Y
Felipe,Mullins,Y
Jan,Brown,Y
Katie,Lloyd,Y
Caleb,Schwartz,Y
Gretchen,Perry,Y
Taylor,Kelly,Y
Johanna,Newman,Y
Angela,Reyes,Y
Christian,Clayton,Y
Herman,Rodgers,Y
Becky,Nichols,Y
Jennifer,Douglas,Y
Debra,Payne,Y
Rick,Peters,Y
Candace,Pope,Y
Emanuel,Salazar,Y
Donnie,Delgado,Y
June,Roberts,Y
Geoffrey,Rhodes,Y
Lorenzo,Lucas,Y
Muriel,Stewart,Y
Ann,Caldwell,Y
Gordon,Sherman,Y
Laura,French,Y
Robert,Butler,Y
Mary,Cooper,Y
Marty,Cobb,Y
Terrence,Saunders,Y
Dorothy,Elliott,Y
Guy,Adkins,Y
Hector,Hoffman,Y
Elena,Underwood,Y
Crystal,Gonzalez,Y
Philip,Powell,Y
Wade,Harmon,Y
Sheryl,Parks,Y
Gladys,Maldonado,Y
Karl,Jordan,Y
Peggy,Stevens,Y
Jeannette,Snyder,Y
Delia,Goodwin,Y
Tyrone,Webster,Y
Megan,Holt,Y
Otis,Simmons,Y
Jeffery,Vega,Y
Mitchell,Gibson,Y
Rudolph,Smith,Y
Doreen,Mendez,Y
Veronica,Huff,Y
Janice,Taylor,Y
Toby,Henderson,Y
Kristy,Greer,Y
Darlene,Andrews,Y
Jimmie,Blake,Y
Marco,Peterson,Y
Terrell,Gray,Y
Cora,Burgess,Y
Elmer,Patton,Y
Kendra,Horton,Y
Sophia,Bridges,Y
Eunice,Montgomery,Y
Mark,Wise,Y
Lois,Walsh,Y
Terri,Cross,Y
Lila,Mann,Y
Hilda,Glover,Y
Arthur,Ray,Y
Gwen,Lopez,Y
Michele,Todd,Y
Cary,Burns,Y
Kim,Ryan,Y
Rhonda,Richardson,Y
Leroy,Dunn,Y
Larry,Chapman,Y
Charlotte,Walker,Y
Bert,Higgins,Y
Martha,Palmer,Y
Marta,Harris,Y
Jill,Guzman,Y
Cheryl,Myers,Y
Nadine,Summers,Y
Sue,Drake,Y
Wallace,Berry,Y
Rita,Becker,Y
Nettie,Bush,Y
Dianna,Benson,Y
Carrie,Gonzales,Y
Robin,Little,Y
Hugh,Harper,Y
Sally,Morgan,Y
Kristopher,Martin,Y
Angelica,Knight,Y
Marcia,Hayes,Y
Wilma,Bowen,Y
Monica,Nguyen,Y
Kristina,Mathis,Y
Edwin,Mcgee,Y
Penny,White,Y
Salvador,Morrison,Y
Della,Tucker,Y
Santos,Cummings,Y
Sarah,Miles,Y
Rickey,Sutton,Y
Kimberly,May,Y
Jenny,Richards,Y
Mona,Gregory,Y
Jimmie,Cooper,Y
Virgil,Turner,Y
Jordan,Walters,Y
Cedric,Perkins,Y
Tracy,Kelly,Y
Vicky,Barton,Y
Jackie,Hines,Y
Craig,Fernandez,Y
Deanna,Ryan,Y
Miranda,Rogers,Y
Wade,Allison,Y
Jane,Watson,Y
Damon,Lynch,Y
Olive,Townsend,Y
Kenny,Hayes,Y
Elmer,Sandoval,Y
Cecil,Mcgee,Y
Allan,Estrada,Y
Bradford,Scott,Y
Chad,Smith,Y
Marvin,Mckinney,Y
Deborah,Floyd,Y
Rodolfo,Lamb,Y
Derrick,West,Y
Shannon,Cannon,Y
Alfredo,Bowers,Y
Paula,Harmon,Y
Antonia,Greer,Y
Olga,White,Y
Thomas,Gibbs,Y
Meredith,Webster,Y
Inez,Hunt,Y
Alexis,Blair,Y
Nellie,Day,Y
Eunice,Woods,Y
Faye,Holloway,Y
Mable,Austin,Y
Jan,Shaw,Y
Shari,Owen,Y
Fred,Larson,Y
Fredrick,Jefferson,Y
Jerald,Wright,Y
Santiago,Fleming,Y
Tommie,Gill,Y
William,Fisher,Y
Sidney,Griffin,Y
Gordon,Singleton,Y
Dianne,Rowe,Y
Janet,Obrien,Y
Rosalie,Snyder,Y
Darren,Webb,Y
Ralph,Schwartz,Y
Clifton,Figueroa,Y
Ricardo,Mcdaniel,Y
Shelly,Blake,Y
Jimmy,Osborne,Y
Flora,Olson,Y
Larry,Walker,Y
Dawn,Torres,Y
Sean,Bryan,Y
Howard,Bennett,Y
Clayton,George,Y
Amelia,Matthews,Y
Winston,Jensen,Y
Glenda,Clark,Y
Misty,Wood,Y
Glenn,Hunter,Y
Lee,Manning,Y
Amber,Reed,Y
Pam,Nguyen,Y
Nelson,Wilkerson,Y
Alvin,Richardson,Y
Rita,Wade,Y
Ashley,Barker,Y
Milton,Hansen,Y
Angelica,Harvey,Y
Dominic,Price,Y
Doyle,Lane,Y
Dorothy,Phillips,Y
Terry,Hernandez,Y
Pablo,Graham,Y
Kathleen,Vasquez,Y
Marion,Hoffman,Y
Arnold,Jackson,Y
Forrest,Dunn,Y
Connie,James,Y
Sylvester,Silva,Y
Nicole,Collier,Y
Tina,Weber,Y
Bryan,Myers,Y
Lynette,Gibson,Y
Bert,Caldwell,Y
Nathan,Pierce,Y
Charlie,Mcdonald,Y
Lucy,Jacobs,Y
Catherine,Nguyen,N
Rudolph,Kennedy,N
Daryl,Burns,N
Karla,Robbins,N
Ethel,Caldwell,N
Bobbie,Baldwin,N
Darnell,Peterson,N
Dolores,Singleton,N
Taylor,Glover,N
Jeannette,Dean,N
Mattie,Moody,N
Rudy,Burton,N
Al,Chapman,N
Roberto,Patrick,N
Steve,Williamson,N
Leland,Schwartz,N
Sandra,Phelps,N
Delbert,Barber,N
Frances,Lawrence,N
Miranda,Lee,N
Alberto,Todd,N
Delores,Bowers,N
John,Reed,N
Courtney,Roberson,N
Joy,Richardson,N
Albert,Ramos,N
Frederick,Goodman,N
Glenda,Harrison,N
Rosemary,Woods,N
Eva,Hamilton,N
Marsha,Patton,N
Willis,Spencer,N
Verna,Welch,N
Doug,Schmidt,N
Estelle,Casey,N
Betsy,Green,N
Kerry,Harrington,N
Gerald,Curtis,N
Christie,Erickson,N
Don,Carroll,N
Adam,Paul,N
Gertrude,Hopkins,N
Jimmie,Sanders,N
Elvira,Watson,N
Maurice,Norman,N
Michele,Yates,N
Irvin,Wagner,N
Janis,Coleman,N
Antonia,Davis,N
Randal,Reeves,N
Christopher,Benson,N
Darlene,Mcguire,N
Ollie,Santos,N
Grace,Guerrero,N
Dustin,Flowers,N
Kimberly,Wilkins,N
Frank,Barton,N
Lynn,Estrada,N
Curtis,Hampton,N
Benny,Romero,N
Dominic,French,N
Randy,Miles,N
Shawn,Flores,N
Nancy,Boone,N
Katrina,Fitzgerald,N
April,Gonzalez,N
Tomas,Moreno,N
Noah,Austin,N
Hilda,Pierce,N
Ginger,Vasquez,N
Everett,Abbott,N
Julian,Jordan,N
Wanda,Maxwell,N
Ruben,Pearson,N
Meghan,Wallace,N
Shelly,Fletcher,N
Edgar,Berry,N
Randolph,Barrett,N
Kurt,Stevenson,N
Garry,Hines,N
Edmund,Phillips,N
Kelvin,Bishop,N
Jody,Osborne,N
Amos,Steele,N
Cody,Patterson,N
Dewey,Mack,N
Kari,Curry,N
Lowell,Garrett,N
Jeremiah,Jones,N
Jim,Simon,N
Billy,Howard,N
Carl,Fisher,N
Freda,Gregory,N
Sadie,Graves,N
Duane,Vaughn,N
Lee,Bryant,N
Jamie,Roberts,N
Ann,Walsh,N
Alexander,Bennett,N
Ben,Harper,N
Ila,Aponte,N
Valorie,Dahl,N
Lynetta,Ervin,N
Kena,Phelan,N
Santana,Snell,N
Shirly,Mintz,N
Erasmo,Oliphant,N
Hellen,Lincoln,N
Arron,Echevarria,N
Necole,Titus,N
Twyla,Apodaca,N
Mina,Ridgeway,N
Wanetta,Folsom,N
Latesha,Connell,N
Chastity,Joyce,N
Mac,Cruse,N
Wilton,Comer,N
Demetria,Gentile,N
Maisha,Geer,N
Shelby,Brink,N
Laureen,Hannah,N
Mariette,Wenzel,N
Jenni,Segura,N
Belen,Mcwhorter,N
Gemma,Hawley,N
Mira,Schulte,N
Coleman,Driscoll,N
Reynalda,Mahan,N
Mireya,Ng,N
Suellen,Calhoun,N
Chery,Harder,N
Dominique,Jack,N
Elza,Kemp,N
Valene,Hamlin,N
Samella,Rock,N
Taren,Wampler,N
Yuko,Staley,N
Lavonda,Culp,N
Gillian,Casper,N
Edie,Mccarter,N
Reggie,Ledoux,N
Chanel,Leake,N
Nicolasa,Simpkins,N
Codi,Lemaster,N
Ellamae,Jarrett,N
Dawne,Muller,N
Lilia,Harms,N
Dorthea,Jernigan,N
Emerita,Priest,N
Jung,Velasquez,N
Giuseppina,Corcoran,N
Romeo,Ring,N
Ellis,Otero,N
Arthur,Brandt,N
Jolynn,Samuels,N
Tijuana,Paquette,N
Celena,Henke,N
Fern,Cooley,N
Annetta,Burney,N
Daniele,Lockwood,N
Edward,Craddock,N
Man,Tomlinson,N
Kristle,Beane,N
Shiloh,Alston,N
Keena,Nicholas,N
Aracely,Templeton,N
Elia,Berg,N
Janita,Higginbotham,N
Amado,Stanford,N
Elva,Crisp,N
Young,Mcneal,N
Misha,Sheldon,N
Carlie,Vanwinkle,N
Jonnie,Bassett,N
Elvera,Downey,N
Annamarie,Ott,N
Tisha,Mahoney,N
Adrianne,Coon,N
Margarette,Barone,N
Shelli,Naranjo,N
Shoshana,Costa,N
Mi,Emanuel,N
Dione,Hutcheson,N
Joie,Singh,N
Mohammed,Coughlin,N
Kali,Crum,N
Yuki,Cochrane,N
Melodie,Pritchard,N
Marcelle,Otto,N
Kylie,Brunson,N
Jamaal,Decker,N
Kira,Croft,N
Renae,Shipp,N
Ayako,Wolf,N
Arlette,Sears,N
Brock,Zook,N
Sid,Pruitt,N
Landon,Peeler,N
Reena,Wertz,N
Gaylord,Lange,N
Jinny,Wallis,N
Nidia,Reilly,N
Alfreda,Frias,N
Gerald,Brackett,N
Milo,Escobedo,N
Cherelle,Grimm,N
Bernardo,Craft,N
Shawnee,Sayre,N
Eusebia,Simms,N
Shizue,Silver,N
Samara,Coburn,N
Jerilyn,Creel,N
Elisabeth,Settle,N
Cecil,Burnham,N
Tashina,Morrell,N
Frieda,Burnett,N
Gertha,Light,N
Arlette,Mccurdy,N
Barton,Jacoby,N
Maragaret,Markham,N
Mariel,Weatherly,N
Paul,Mauro,N
Kitty,Boyer,N
Nell,Kaminski,N
Natisha,Devine,N
Arielle,Grove,N
Staci,Yost,N
Missy,Mcgehee,N
Ezekiel,Prosser,N
So,Arteaga,N
Chang,Hoff,N
Ethyl,Scoggins,N
Sunshine,Razo,N
Deane,Rosado,N
Gregoria,Easton,N
Lasandra,Yazzie,N
Tayna,Cornett,N
Altagracia,Kenyon,N
Arden,Aldrich,N
Nolan,Oakes,N
Ezequiel,Houck,N
Darci,Rosas,N
Jules,Havens,N
Karyl,Dickson,N
Leigh,Pyle,N
Codi,Scales,N
Dessie,Ricker,N
Larita,Whiteside,N
Devin,Hundley,N
Deena,Montague,N
Delicia,Branham,N
Suk,Laster,N
Dorene,Cloutier,N
Gennie,Barfield,N
Elizbeth,Crider,N
Sparkle,Milam,N
Jeffry,Abreu,N
Shena,Chilton,N
Devon,Conaway,N
Philomena,Bartholomew,N
Joel,Foss,N
Jose,Vines,N
Estell,Latham,N
Tyesha,Eason,N
Estela,Wilks,N
Micheline,Mccaskill,N
Hellen,Corcoran,N
Kanesha,Casper,N
Dominica,Kohn,N
Shayna,Sawyers,N
Eugena,Esposito,N
Collette,Mallory,N
Brigid,Staggs,N
Hyo,Breeden,N
Dorcas,Jolley,N
Leena,Hutton,N
Patria,Delong,N
Taneka,Luster,N
Alita,Breedlove,N
Kendal,Engel,N
Ruthie,Sheffield,N
Sheba,Blais,N
Keva,Kohler,N
Larissa,Ziegler,N
September,Alger,N
Merri,Mayfield,N
Vivienne,Burt,N
Tawna,Chappell,N
Shayne,Stitt,N
Aimee,Dickerson,N
Hosea,Woodley,N
Dorotha,Aguirre,N
Mickey,Hatch,N
Bernarda,Dupuis,N
Madie,Nagle,N
Alanna,Braun,N
Lahoma,Guevara,N
Monnie,Ibarra,N
Richelle,Sam,N
Letty,Whittington,N
Carmen,Perales,N
Carey,Wooden,N
Larae,John,N
Charmain,Bingham,N
Caryn,Mattos,N
Keri,Jaynes,N
Millie,Beebe,N
Bettye,Held,N
Kathie,Dukes,N
Phillis,Bratton,N
Earleen,Pickering,N
Jocelyn,Moser,N
Conception,Burden,N
Desirae,Luttrell,N
Melissia,Hensley,N
Antonietta,Limon,N
Bobbie,Earley,N
Yuko,Heinz,N
Jacalyn,Coughlin,N
Garnett,Dye,N
Barb,Lang,N
Enda,Bustamante,N
Cristy,Hauser,N
Tammara,Whyte,N
Demetrice,Beaulieu,N
Daysi,Wooldridge,N
Rubin,Crow,N
Dimple,Everett,N
Herb,Ashmore,N
Doreatha,Council,N
Letty,Aleman,N
Tomika,Scales,N
Rubi,Mohr,N
Neville,Hawks,N
Emmaline,Deleon,N
Aisha,Shook,N
Chloe,Behrens,N
Carey,Uribe,N
Daniell,Koehler,N
Evonne,Mccombs,N
Gerry,Hamby,N
Nakesha,Knoll,N
Alline,Ebert,N
Sydney,Crump,N
Karissa,Centeno,N
Cathey,Mcmillan,N
Justa,Irby,N
Aron,Mccain,N
Marlen,Lantz,N
Joselyn,Granados,N
Lenna,Aquino,N
Dawne,Riddick,N
Bula,Pritchett,N
Virgen,Faber,N
Loreta,Hickey,N
Jacinta,Christopher,N
Voncile,Galvan,N
Caterina,Aguirre,N
Mariann,Fortune,N
Merri,Foote,N
Leon,Escobar,N
Bok,Clapp,N
Ellamae,Covert,N
Mitchel,Kuntz,N
Genevive,Mcpherson,N
Jetta,Poore,N
Rocio,Neuman,N
Marti,Lipscomb,N
Waldo,Oneill,N
Dannielle,Moses,N
Augusta,Bland,N
Hoyt,Smithson,N
Karyl,Brunner,N
Blair,Ruth,N
Clotilde,Hess,N
Tory,Fort,N
Corrin,Rawlings,N
Adeline,Dozier,N
Wynell,Hills,N
Danilo,Denning,N
Bianca,Partin,N
Dotty,Colburn,N
Daron,Grady,N
Etsuko,Thao,N
Bonny,Alger,N
Consuelo,Sousa,N
Maribeth,Muniz,N
Frida,Withers,N
Mallie,Ludwig,N
Tenesha,Richter,N
Mickey,Beale,N
Marisol,Babcock,N
Dolly,Reiter,N
Elisha,Vanhorn,N
Lavonia,Manley,N
Georgie,Conaway,N
Sharron,Starling,N
Marcelene,Elmore,N
Madison,Lord,N
Michiko,Winfrey,N
Fiona,Parrott,N
Lia,Beasley,N
Cyndi,Jack,N
Risa,Gunn,N
Leia,Shipley,N
Willia,Chacon,N
Twyla,Sammons,N
Charlie,Guyton,N
Michel,Paulson,N
Lavina,Smallwood,N
Maurice,Bruce,N
Rebecka,Stacy,N
Chase,Partin,N
Rosamond,Navarrete,N
Rosalba,Douglass,N
Rodrigo,Maestas,N
Glenn,Kraus,N
Maryalice,Jacks,N
Cammie,Krebs,N
Oralia,Fiore,N
Thalia,Wingfield,N
Moriah,Pulley,N
Peggie,Metzger,N
Dionne,Vallejo,N
Audra,Cheney,N
Cris,Golden,N
Sherrie,Rigby,N
Lupita,Cagle,N
Myong,Coons,N
Kimberley,Lattimore,N
Sharen,Jewett,N
Perry,Davila,N
Marisa,Jobe,N
Cassondra,Libby,N
Mana,Willey,N
Alaine,Ratcliff,N
Julio,Calkins,N
Julee,Foote,N
Ashlea,Parkinson,N
Rueben,Slaughter,N
Livia,Kirchner,N
Jaquelyn,Conger,N
Daron,Hay,N
Jeana,Haines,N
Olen,Moseley,N
Cherilyn,Langdon,N
An,Dobbins,N
Johana,Childs,N
Tomika,Gurley,N
Junita,Haywood,N
Sidney,Weis,N
Miss,Hinojosa,N
Adrianna,Hacker,N
Beatris,Coyle,N
Letha,Casillas,N
Piper,Wiley,N
Ivelisse,Webber,N
Emerald,Balderas,N
Alba,Charlton,N
Sunny,Haney,N
Georgiana,Ricker,N
Elenore,Lacroix,N
Hilma,Dellinger,N
Kaitlyn,Kincaid,N
Young,Lister,N
Shalon,Denning,N
Lucius,Frame,N
Inocencia,Laflamme,N
Lawanda,Sexton,N
Alessandra,Tillery,N
Cathrine,Mattison,N
Shea,Dorris,N
Branda,Brill,N
Leone,Petit,N
Kristle,Wooldridge,N
Avis,Mccrary,N
Heriberto,Lumpkin,N
Kenia,Rosen,N
Daphne,Kane,N
Lacey,Merritt,N
Kendrick,Fink,N
Harlan,Rawlins,N
Tonita,Hatchett,N
Chantell,Jeter,N
Nova,Mcclellan,N
Shaunte,Turpin,N
Lekisha,Zapata,N
Shirl,Raymond,N
Yuonne,Ladner,N
Louella,Scarbrough,N
Taunya,Maguire,N
Elinore,Mcwhorter,N
Magaly,Dalton,N
Hayden,Furr,N
Inell,Pinto,N
Annmarie,Mulligan,N
Gale,Himes,N
Del,Cyr,N
Bobbie,Sisco,N
Nicky,Platt,N
